<?xml version="1.0" encoding="utf-8"?>
<search>
  <entry>
    <title>三、SQL概述</title>
    <url>/2020/07/29/%E4%B8%89%E3%80%81SQL%E6%A6%82%E8%BF%B0/</url>
    <content><![CDATA[<h3 id="三、SQL概述"><a href="#三、SQL概述" class="headerlink" title="三、SQL概述"></a>三、SQL概述</h3><h4 id="1-SQL简介"><a href="#1-SQL简介" class="headerlink" title="1.SQL简介"></a>1.SQL简介</h4><blockquote>
<p>Structure Query  Language，结构化查询语言</p>
</blockquote>
<h4 id="2-数据库服务器、数据库和表之间的关系"><a href="#2-数据库服务器、数据库和表之间的关系" class="headerlink" title="2.数据库服务器、数据库和表之间的关系"></a>2.数据库服务器、数据库和表之间的关系</h4><blockquote>
<p>表：为了保存应用实体中的数据，一般会创建表（就像是存放货物的柜子），表是放在一个数据库中的（就像是一个仓库），一个数据库可以同时管理多个表，一个数据库服务器可以有多个数据库。换句话说，数据库服务器就像是一个仓储公司，这个公司可以有多个仓库，每个仓库中有多个表。</p>
</blockquote>
<h4 id="3-数据在数据库中的存储形式"><a href="#3-数据在数据库中的存储形式" class="headerlink" title="3.数据在数据库中的存储形式"></a>3.数据在数据库中的存储形式</h4><blockquote>
<p>数据库 =&gt; 表（表格）</p>
<p>表格</p>
<p>字段： id， name, age</p>
<p>行：代表一条数据， 一条记录 ， 一个实体</p>
<table>
<thead>
<tr>
<th>id</th>
<th>name</th>
<th>age</th>
</tr>
</thead>
<tbody><tr>
<td>1</td>
<td>马云</td>
<td>50</td>
</tr>
<tr>
<td>2</td>
<td>马化腾</td>
<td>40</td>
</tr>
<tr>
<td>3</td>
<td>马明哲</td>
<td>60</td>
</tr>
</tbody></table>
</blockquote>
<h4 id="4-SQL的分类"><a href="#4-SQL的分类" class="headerlink" title="4.SQL的分类"></a>4.SQL的分类</h4><blockquote>
<p>DDL【Data   Definition Language】,数据定义语言，创建、修改、删除数据库和表结构</p>
<p>DML【Data  Manipulation Language】,数据操作语言，用于对表数据进行增删改的操作</p>
<p>DQL【Data  Query Language】,数据查询语言，用于负责表数据的查询工作</p>
<p>DCL【Data Control Language】：数据控制语言，用来定义访问权限和安全级别</p>
</blockquote>
]]></content>
      <categories>
        <category>数据库</category>
      </categories>
  </entry>
  <entry>
    <title>一、数据库简介</title>
    <url>/2020/07/29/%E4%B8%80%E3%80%81%E6%95%B0%E6%8D%AE%E5%BA%93%E7%AE%80%E4%BB%8B/</url>
    <content><![CDATA[<h3 id="一、数据库简介"><a href="#一、数据库简介" class="headerlink" title="一、数据库简介"></a>一、数据库简介</h3><h4 id="1-数据库系统"><a href="#1-数据库系统" class="headerlink" title="1.数据库系统"></a>1.数据库系统</h4><h5 id="1-1数据库"><a href="#1-1数据库" class="headerlink" title="1.1数据库"></a>1.1数据库</h5><blockquote>
<p>DataBase【DB】，指的是长期保存到计算机上的数据，按照一定顺序组织，可以被各种用户或者应用共享的数据集合 </p>
<p>【用于存储数据的地方，可以视为存储数据的容器】</p>
</blockquote>
<h5 id="1-2数据库管理系统"><a href="#1-2数据库管理系统" class="headerlink" title="1.2数据库管理系统"></a>1.2数据库管理系统</h5><blockquote>
<p>DataBase Management System【DBMS】,能够管理和操作数据库的大型的软件 </p>
<p>数据库是CS模式:Client/Server </p>
<p>用于建立、使用和维护数据库，对数据库进行统一的管理和控制，为了保证数据库的安全性和完整性，用户可以通过数据库管理系统访问数据库中的数据</p>
</blockquote>
<h5 id="1-3数据库的应用"><a href="#1-3数据库的应用" class="headerlink" title="1.3数据库的应用"></a>1.3数据库的应用</h5><blockquote>
<p>涉及到大量的数据需要长期存储，就可以使用数据库  </p>
<p>使用：增删改查的操作  </p>
<p>持久化： 数据持久化, 一般存在硬盘， MySQL</p>
<p>缓存： 临时存储， 一般可以存在内存,  Redis</p>
</blockquote>
<h4 id="2-常见数据库管理系统"><a href="#2-常见数据库管理系统" class="headerlink" title="2.常见数据库管理系统"></a>2.常见数据库管理系统</h4><blockquote>
<p>1&gt;Oracle（甲骨文）: 目前比较成功的关系型数据库管理系统，运行稳定，功能齐全，性能超群，技术领先，主要应用在大型的企业数据库领域（银行、金融机构、医院、电信等行业）, 收费.</p>
<p>2&gt;DB2:  IBM（国际商业机器公司）的产品，伸缩性比较强</p>
<p>3&gt;SQL Server:  Microsoft的产品，软件界面友好，易学易用，在操作性和交互性方面独树一帜</p>
<p>4&gt;MySQL: 免费的数据库系统，被广泛引用于中小型应用系统，体积小，速度快，总体拥有成本低，开放源代码，2008年被SUN收购，2009年SUN被Oracle收购  </p>
</blockquote>
]]></content>
      <categories>
        <category>数据库</category>
      </categories>
      <tags>
        <tag>MySQL,Redis</tag>
      </tags>
  </entry>
  <entry>
    <title>二、数据库的安装与链接</title>
    <url>/2020/07/29/%E4%BA%8C%E3%80%81%E6%95%B0%E6%8D%AE%E5%BA%93%E7%9A%84%E5%AE%89%E8%A3%85%E4%B8%8E%E9%93%BE%E6%8E%A5/</url>
    <content><![CDATA[<h3 id="二-数据库的安装和链接"><a href="#二-数据库的安装和链接" class="headerlink" title="二.数据库的安装和链接"></a>二.数据库的安装和链接</h3><h4 id="1-安装-MySQL"><a href="#1-安装-MySQL" class="headerlink" title="1.安装 MySQL"></a>1.安装 MySQL</h4><blockquote>
<p>1.验证是否安装MySQL</p>
<figure class="highlight python"><table><tr><td class="code"><pre><span class="line">[root@shark ~]<span class="comment"># mysql</span></span><br><span class="line">-bash: mysql: 未找到命令  </span><br></pre></td></tr></table></figure>

<p>返回以上信息表示没有安装</p>
<p>2.安装 MySQL</p>
<figure class="highlight python"><table><tr><td class="code"><pre><span class="line">安装 wget 软件</span><br><span class="line">[root@shark ~]<span class="comment"># yum install wget</span></span><br><span class="line"></span><br><span class="line">下载仓库文件</span><br><span class="line">[root@shark ~]<span class="comment"># wget https://dev.mysql.com/get/mysql80-community-release-el7-1.noarch.rpm</span></span><br><span class="line"></span><br><span class="line">安装仓库文件</span><br><span class="line">[root@shark ~]<span class="comment"># yum localinstall mysql80-community-release-el7-1.noarch.rpm</span></span><br><span class="line"></span><br><span class="line">安装 YUM 管理工具包，此包提供了 yum-config-manager 命令工具</span><br><span class="line">[root@shark ~]<span class="comment"># yum install yum-utils</span></span><br><span class="line"></span><br><span class="line">禁用 <span class="number">8.0</span> 仓库</span><br><span class="line">[root@shark ~]<span class="comment"># yum-config-manager --enable mysql57-community</span></span><br><span class="line"></span><br><span class="line">启用 <span class="number">5.7</span> 仓库</span><br><span class="line">[root@shark ~]<span class="comment"># yum-config-manager --enable mysql57-community</span></span><br><span class="line"></span><br><span class="line">安装 MySQL</span><br><span class="line">[root@shark ~]<span class="comment"># yum install -y  mysql-community-server</span></span><br></pre></td></tr></table></figure>

</blockquote>
<h4 id="2-启动和停止mysql服务"><a href="#2-启动和停止mysql服务" class="headerlink" title="2.启动和停止mysql服务"></a>2.启动和停止mysql服务</h4><p>Linux系统：</p>
<p>启动</p>
<figure class="highlight bash"><table><tr><td class="code"><pre><span class="line">[root@shark ~]<span class="comment"># systemctl start mysqld</span></span><br></pre></td></tr></table></figure>



<p>查看状态</p>
<figure class="highlight bash"><table><tr><td class="code"><pre><span class="line">[root@shark ~]<span class="comment"># systemctl status mysqld</span></span><br><span class="line">● mysqld.service - MySQL Server</span><br><span class="line">   Loaded: loaded (/usr/lib/systemd/system/mysqld.service; enabled; vendor preset: disabled)</span><br><span class="line">   Active: active (running) since 五 2020-07-17 09:48:29 CST; 5s ago        <span class="comment"># 这里表示启动状态</span></span><br><span class="line">     Docs: man:mysqld(8)</span><br><span class="line">           http://dev.mysql.com/doc/refman/en/using-systemd.html</span><br><span class="line">  Process: 7475 ExecStart=/usr/sbin/mysqld --daemonize --pid-file=/var/run/mysqld/mysqld.pid <span class="variable">$MYSQLD_OPTS</span> (code=exited, status=0/SUCCESS)</span><br><span class="line">  Process: 7421 ExecStartPre=/usr/bin/mysqld_pre_systemd (code=exited, status=0/SUCCESS)</span><br><span class="line"> Main PID: 7480 (mysqld)</span><br><span class="line">   CGroup: /system.slice/mysqld.service</span><br><span class="line">           └─7480 /usr/sbin/mysqld --daemonize --pid-file=/var/run/m...</span><br><span class="line"></span><br><span class="line">7月 17 09:48:23 shark systemd[1]: Starting MySQL Server...</span><br><span class="line">7月 17 09:48:29 shark systemd[1]: Started MySQL Server.</span><br></pre></td></tr></table></figure>



<p>设置开机自动启动此服务</p>
<figure class="highlight bash"><table><tr><td class="code"><pre><span class="line">[root@shark ~]<span class="comment"># systemctl enable mysqld</span></span><br></pre></td></tr></table></figure>



<p>查看监听端口，默认 3306</p>
<figure class="highlight bash"><table><tr><td class="code"><pre><span class="line">[root@shark ~]<span class="comment"># ss -ntal</span></span><br><span class="line">State       Recv-Q Send-Q Local Address:Port               Peer Address:Port</span><br><span class="line">LISTEN      0      128     *:6379                *:*</span><br><span class="line">LISTEN      0      128     *:80                  *:*</span><br><span class="line">LISTEN      0      128     *:22                  *:*</span><br><span class="line">LISTEN      0      10     127.0.0.1:25                  *:*</span><br><span class="line">LISTEN      0      80     :::3306               :::*</span><br><span class="line">[root@shark ~]<span class="comment">#</span></span><br></pre></td></tr></table></figure>



<p>windows系统：</p>
<blockquote>
<p>windows 开启mysql: net start mysql57 </p>
<p>windows 关闭mysql: net stop mysql57 </p>
</blockquote>
<h4 id="3-链接到-MySQL-Server"><a href="#3-链接到-MySQL-Server" class="headerlink" title="3 链接到 MySQL Server"></a>3 链接到 MySQL Server</h4><p>找到管理员账号的初始密码</p>
<figure class="highlight bash"><table><tr><td class="code"><pre><span class="line">[root@shark ~]<span class="comment"># grep password /var/log/mysqld.log</span></span><br><span class="line">2020-07-17T01:48:26.341669Z 1 [Note] A temporary password is generated <span class="keyword">for</span> root@localhost: YrgT95odi:vJ</span><br><span class="line">[root@shark ~]<span class="comment">#</span></span><br></pre></td></tr></table></figure>

<p>使用客户端程序 mysql 链接到 MySQL Server</p>
<figure class="highlight bash"><table><tr><td class="code"><pre><span class="line">[root@shark ~]<span class="comment"># mysql -uroot -p'YrgT95odi:vJ'</span></span><br><span class="line">mysql: [Warning] Using a password on the <span class="built_in">command</span> line interface can be insecure.</span><br><span class="line">Welcome to the MySQL monitor.  Commands end with ; or \g.</span><br><span class="line">Your MySQL connection id is 2</span><br><span class="line">Server version: 5.7.31</span><br><span class="line"></span><br><span class="line">Copyright (c) 2000, 2020, Oracle and/or its affiliates. All rights reserved.</span><br><span class="line"></span><br><span class="line">Oracle is a registered trademark of Oracle Corporation and/or its</span><br><span class="line">affiliates. Other names may be trademarks of their respective</span><br><span class="line">owners.</span><br><span class="line"></span><br><span class="line">Type <span class="string">'help;'</span> or <span class="string">'\h'</span> <span class="keyword">for</span> <span class="built_in">help</span>. Type <span class="string">'\c'</span> to clear the current input statement.</span><br><span class="line"></span><br><span class="line">mysql&gt;</span><br></pre></td></tr></table></figure>



<p>修改初始密码</p>
<figure class="highlight plain"><table><tr><td class="code"><pre><span class="line">mysql&gt;alter user   root@localhost   identified  by  &#39;QFedu123!&#39;;</span><br><span class="line">Query OK, 0 rows affected (0.00 sec)</span><br></pre></td></tr></table></figure>

<p>默认情况下 MySQL 服务器的密码策略比较严格：</p>
<p>最少 8 位字符</p>
<p>必须同时包含大小写字母、数字和特殊符号</p>
<p>查看目前都有哪些数据库</p>
<figure class="highlight plain"><table><tr><td class="code"><pre><span class="line">mysql&gt; show databases;</span><br><span class="line">+--------------------+</span><br><span class="line">| Database           |</span><br><span class="line">+--------------------+</span><br><span class="line">| information_schema |</span><br><span class="line">| mysql              |</span><br><span class="line">| performance_schema |</span><br><span class="line">| sys                |</span><br><span class="line">+--------------------+</span><br><span class="line">4 rows in set (0.00 sec)</span><br><span class="line"></span><br><span class="line">mysql&gt;</span><br></pre></td></tr></table></figure>



<p>退出数据库交互程序</p>
<figure class="highlight plain"><table><tr><td class="code"><pre><span class="line">mysql&gt; exit</span><br><span class="line">Bye</span><br><span class="line">[root@shark ~]#</span><br></pre></td></tr></table></figure>



<h4 id="4-假设忘记密码"><a href="#4-假设忘记密码" class="headerlink" title="4 假设忘记密码"></a>4 假设忘记密码</h4><p>首先停止 mysql 服务</p>
<figure class="highlight bash"><table><tr><td class="code"><pre><span class="line">[root@shark ~]<span class="comment"># systemctl stop mysqld</span></span><br></pre></td></tr></table></figure>



<p>接下来修改配置文件，以便跳过密码（此操作尽量在本地服务器上操作，以保证数据的安全）</p>
<p>在 /etc/my.cnf 配置文件中的 <code>[mysqld]</code> 的下面添加如下配置项</p>
<figure class="highlight plain"><table><tr><td class="code"><pre><span class="line">[mysqld]</span><br><span class="line">skip-grant-tables&#x3D;1</span><br></pre></td></tr></table></figure>



<p>接着启动服务器</p>
<figure class="highlight bash"><table><tr><td class="code"><pre><span class="line">root@shark ~]<span class="comment"># systemctl start mysqld</span></span><br><span class="line">[root@shark ~]<span class="comment">#</span></span><br></pre></td></tr></table></figure>



<p>密码登录 MySQL Server</p>
<figure class="highlight bash"><table><tr><td class="code"><pre><span class="line">[root@shark ~]<span class="comment"># mysql</span></span><br></pre></td></tr></table></figure>



<p>在 MySQL 交互程序中修改密码</p>
<figure class="highlight plain"><table><tr><td class="code"><pre><span class="line">mysql&gt; update mysql.user set authentication_string&#x3D;PASSWORD(&#39;123&#39;) where user&#x3D;&#39;root&#39; and host&#x3D;&#39;localhost&#39;;</span><br><span class="line">Query OK, 1 row affected, 1 warning (0.00 sec)</span><br><span class="line">Rows matched: 1  Changed: 1  Warnings: 1</span><br><span class="line"></span><br><span class="line">mysql&gt; exit</span><br><span class="line">Bye</span><br></pre></td></tr></table></figure>



<p>再次修改配置文件，把免密登录的配置删除</p>
<figure class="highlight bash"><table><tr><td class="code"><pre><span class="line">[mysqld]</span><br><span class="line">skip-grant-tables=1  <span class="comment"># 删除此行，并保存退出</span></span><br></pre></td></tr></table></figure>



<p>最后重启服务器，并使用新的密码链接测试</p>
<figure class="highlight bash"><table><tr><td class="code"><pre><span class="line">[root@shark ~]<span class="comment"># mysql -uroot -p123</span></span><br></pre></td></tr></table></figure>]]></content>
      <categories>
        <category>数据库</category>
      </categories>
  </entry>
  <entry>
    <title>四、数据库操作</title>
    <url>/2020/07/29/%E5%9B%9B%E3%80%81%E6%95%B0%E6%8D%AE%E5%BA%93%E6%93%8D%E4%BD%9C/</url>
    <content><![CDATA[<h3 id="四、数据库操作"><a href="#四、数据库操作" class="headerlink" title="四、数据库操作"></a>四、数据库操作</h3><h4 id="1-DDL"><a href="#1-DDL" class="headerlink" title="1.DDL"></a>1.DDL</h4><blockquote>
<p>使用关键字：CREATE    ALTER    DROP  </p>
<p>注意：一般情况下，mysql关键字是大写的，但是为了方便，一般小写</p>
</blockquote>
<h5 id="1-1create创建"><a href="#1-1create创建" class="headerlink" title="1.1create创建"></a>1.1create创建</h5><blockquote>
<p>语法：</p>
<figure class="highlight plain"><table><tr><td class="code"><pre><span class="line">#创建数据库</span><br><span class="line">CREATE DATABASE database_name charset&#x3D;utf8;</span><br><span class="line"></span><br><span class="line">#创建表</span><br><span class="line">CREATE TABLE 表名 (</span><br><span class="line">		字段1 字段类型[列级别约束条件][默认值]，</span><br><span class="line">		字段2 字段类型[列级别约束条件][默认值]，</span><br><span class="line">		….</span><br><span class="line">		字段n 字段类型[列级别约束条件][默认值]</span><br><span class="line">		[表级别约束条件]</span><br><span class="line">)</span><br><span class="line"># 创建user表</span><br><span class="line">create table user(</span><br><span class="line">	id int primary key auto_increment, </span><br><span class="line">	name varchar(20), </span><br><span class="line">	age int</span><br><span class="line">);</span><br><span class="line"></span><br></pre></td></tr></table></figure>

<p>演示：</p>
<figure class="highlight plain"><table><tr><td class="code"><pre><span class="line">#查询当前数据库服务器中的所有数据库</span><br><span class="line">mysql&gt; show databases;			    </span><br><span class="line">+--------------------+	</span><br><span class="line">| Database           |</span><br><span class="line">+--------------------+</span><br><span class="line">| information_schema |            |</span><br><span class="line">| mysql              |</span><br><span class="line">| performance_schema |</span><br><span class="line">| sys                |</span><br><span class="line">+--------------------+</span><br><span class="line">4 rows in set (0.01 sec)</span><br><span class="line"></span><br><span class="line">#查看当前正在使用的数据库</span><br><span class="line">mysql&gt; select database();</span><br><span class="line">+------------+</span><br><span class="line">| database() |</span><br><span class="line">+------------+</span><br><span class="line">| NULL       |</span><br><span class="line">+------------+</span><br><span class="line">1 row in set (0.00 sec)</span><br><span class="line"></span><br><span class="line">#创建一个数据库</span><br><span class="line">mysql&gt; create database mydb1 charset&#x3D;utf8;</span><br><span class="line">Query OK, 1 row affected (0.00 sec)</span><br><span class="line"></span><br><span class="line">#切换数据库</span><br><span class="line">mysql&gt; use mydb1;</span><br><span class="line">Database changed</span><br><span class="line"></span><br><span class="line"></span><br></pre></td></tr></table></figure>

</blockquote>
<h5 id="1-2alter操作"><a href="#1-2alter操作" class="headerlink" title="1.2alter操作"></a>1.2alter操作</h5><blockquote>
<p>a.语法：</p>
<figure class="highlight plain"><table><tr><td class="code"><pre><span class="line">#1.修改表名</span><br><span class="line">语法规则：ALTER TABLE old_table_name RENAME [TO] new_table_name</span><br><span class="line"></span><br><span class="line">#2.修改字段的数据类型</span><br><span class="line">语法规则：ALTER TABLE table_name MODIFY 字段名 数据类型</span><br><span class="line">修改完成之后可以查看DESC table_name检验结果</span><br><span class="line"></span><br><span class="line">#3.修改字段名</span><br><span class="line">语法规则：ALTER TABLE table_name CHANGE 旧字段名 新字段名 数据类型</span><br><span class="line"></span><br><span class="line">#4.添加字段</span><br><span class="line">语法规则：ALTER TABLE table_name ADD 新字段名 数据类型 [约束条件] [FIRST|AFTER 已经存在的字段名]</span><br><span class="line"></span><br><span class="line">#5.删除字段</span><br><span class="line">语法规则：ALTER TABLE table_name DROP 字段名</span><br><span class="line"></span><br><span class="line">#6.修改字段的排列位置</span><br><span class="line">语法规则：ALTER TABLE table_name MODIFY 字段1 数据类型 FIRST|AFTER 字段2</span><br><span class="line">	first: 设置成第一个</span><br><span class="line">	after 字段2： 在指定字段2的后面</span><br><span class="line">	</span><br><span class="line">#7.删除表的外键约束</span><br><span class="line">语法规则：ALTER TABLE table_name DROP FOREIGN KEY 外键约束名</span><br><span class="line"></span><br><span class="line">#8.删除数据表</span><br><span class="line">#删除没有被关联的表</span><br><span class="line">语法规则：DROP TABLE [IF EXISTS] 表1，表2...</span><br><span class="line">#删除被其他表关联的的表</span><br><span class="line">直接删除会出现错误的，操作： 先解除关联 再进行删除</span><br></pre></td></tr></table></figure>

<p>b.常用数据类型</p>
<figure class="highlight plain"><table><tr><td class="code"><pre><span class="line">1.数字数据类型 </span><br><span class="line">- INT - 正常大小的整数，可以带符号。如果是有符号的，它允许的范围是从-2147483648到2147483647。如果是无符号，允许的范围是从0到4294967295。 可以指定多达11位的宽度。</span><br><span class="line">- TINYINT - 一个非常小的整数，可以带符号。如果是有符号，它允许的范围是从-128到127。如果是无符号，允许的范围是从0到255，可以指定多达4位数的宽度。</span><br><span class="line">- SMALLINT - 一个小的整数，可以带符号。如果有符号，允许范围为-32768至32767。如果无符号，允许的范围是从0到65535，可以指定最多5位的宽度。</span><br><span class="line">- MEDIUMINT - 一个中等大小的整数，可以带符号。如果有符号，允许范围为-8388608至8388607。 如果无符号，允许的范围是从0到16777215，可以指定最多9位的宽度。</span><br><span class="line">- BIGINT - 一个大的整数，可以带符号。如果有符号，允许范围为-9223372036854775808到9223372036854775807。如果无符号，允许的范围是从0到18446744073709551615. 可以指定最多20位的宽度。</span><br><span class="line">- FLOAT(M,D) - 不能使用无符号的浮点数字。可以定义显示长度(M)和小数位数(D)。这不是必需的，并且默认为10,2。其中2是小数的位数，10是数字(包括小数)的总数。小数精度可以到24个浮点。</span><br><span class="line">- DOUBLE(M,D) - 不能使用无符号的双精度浮点数。可以定义显示长度(M)和小数位数(D)。 这不是必需的，默认为16,4，其中4是小数的位数。小数精度可以达到53位的DOUBLE。 REAL是DOUBLE同义词。</span><br><span class="line">- DECIMAL(M,D) - 非压缩浮点数不能是无符号的。在解包小数，每个小数对应于一个字节。定义显示长度(M)和小数(D)的数量是必需的。 NUMERIC是DECIMAL的同义词。[decimal]</span><br><span class="line"></span><br><span class="line">2.日期和时间类型</span><br><span class="line">- DATE - 以YYYY-MM-DD格式的日期，在1000-01-01和9999-12-31之间。 例如，1973年12月30日将被存储为1973-12-30。</span><br><span class="line">- DATETIME - 日期和时间组合以YYYY-MM-DD HH:MM:SS格式，在1000-01-01 00:00:00 到9999-12-31 23:59:59之间。例如，1973年12月30日下午3:30，会被存储为1973-12-30 15:30:00。</span><br><span class="line">- TIMESTAMP - 1970年1月1日午夜之间的时间戳，到1973的某个时候。这看起来像前面的DATETIME格式，无需只是数字之间的连字符; 1973年12月30日下午3点30分将被存储为19731230153000(YYYYMMDDHHMMSS)。</span><br><span class="line">- TIME - 存储时间在HH:MM:SS格式。</span><br><span class="line">- YEAR(M) - 以2位或4位数字格式来存储年份。如果长度指定为2(例如YEAR(2))，年份就可以为1970至2069(70〜69)。如果长度指定为4，年份范围是1901-2155，默认长度为4。</span><br><span class="line"></span><br><span class="line">3.字符串类型</span><br><span class="line">虽然数字和日期类型比较有意思，但存储大多数数据都可能是字符串格式。 下面列出了在MySQL中常见的字符串数据类型。</span><br><span class="line">- CHAR(M) - 固定长度的字符串是以长度为1到255之间个字符长度(例如：CHAR(5))，存储右空格填充到指定的长度。 限定长度不是必需的，它会默认为1。</span><br><span class="line">- VARCHAR(M) - 可变长度的字符串是以长度为1到255之间字符数(高版本的MySQL超过255); 例如： VARCHAR(25). 创建VARCHAR类型字段时，必须定义长度。 [varchar]</span><br><span class="line">- BLOB or TEXT - 字段的最大长度是65535个字符。 BLOB是“二进制大对象”，并用来存储大的二进制数据，如图像或其他类型的文件。定义为TEXT文本字段还持有大量的数据; 两者之间的区别是，排序和比较上存储的数据，BLOB大小写敏感，而TEXT字段不区分大小写。不用指定BLOB或TEXT的长度。</span><br><span class="line">- TINYBLOB 或 TINYTEXT - BLOB或TEXT列用255个字符的最大长度。不指定TINYBLOB或TINYTEXT的长度。</span><br><span class="line">- MEDIUMBLOB or MEDIUMTEXT - BLOB或TEXT列具有16777215字符的最大长度。不指定MEDIUMBLOB或MEDIUMTEXT的长度。</span><br><span class="line">- LONGBLOB 或 LONGTEXT -  BLOB或TEXT列具有4294967295字符的最大长度。不指定LONGBLOB或LONGTEXT的长度。</span><br><span class="line">- ENUM - 枚举，这是一个奇特的术语列表。当定义一个ENUM，要创建它的值的列表，这些是必须用于选择的项(也可以是NULL)。例如，如果想要字段包含“A”或“B”或“C”，那么可以定义为ENUM为 ENUM(“A”，“B”，“C”)也只有这些值(或NULL)才能用来填充这个字段。</span><br></pre></td></tr></table></figure>
</blockquote>
<blockquote>
<p>注意：主要了解 char 和 varchar 的区别</p>
<p>1.char(m)和varchar(m)中括号中n代表字符的个数，并不代表字节个数，所以当使用了中文的时候(UTF8)意味着可以插入m个中文，但是实际会占用m*3个字节，</p>
<p>2.同时char和varchar最大的区别就在于char不管实际value都会占用多少个字符的空间，多了截断，少了右侧用空格补充；而varchar只会占用实际字符应该占用的字节空间。</p>
<p>3.超过char和varchar的m设置后，字符串都会被截断。</p>
<p>4.char的上限为255字节，varchar的上限65535字节，text的上限为65535字节。</p>
<p>5.char在存储的时候会截断尾部的空格，varchar和text不会</p>
<p>主要使用的数据类型：</p>
<pre><code>数字型数据类型：int    float

日期类：date  datetime

字符串：varchar(num)   text【长字符串】</code></pre><p>c.需求：创建一个员工表【图3】</p>
<p><img src="imgs%5C%E5%9B%BE3-%E5%91%98%E5%B7%A5%E8%A1%A8.png" alt=""></p>
<p>演示：</p>
<figure class="highlight plain"><table><tr><td class="code"><pre><span class="line">#切换数据库</span><br><span class="line">mysql&gt; use mydb1			</span><br><span class="line">Database changed</span><br><span class="line">#查看当前正在使用的数据库</span><br><span class="line">mysql&gt; select database();	</span><br><span class="line">+------------+</span><br><span class="line">| database() |</span><br><span class="line">+------------+</span><br><span class="line">| mydb1      |</span><br><span class="line">+------------+</span><br><span class="line">1 row in set (0.00 sec)</span><br><span class="line"></span><br><span class="line">#在当前数据库下创建新的表</span><br><span class="line">mysql&gt; create table worker(			</span><br><span class="line">-&gt; id int(11) primary key,</span><br><span class="line">-&gt; name varchar(20),</span><br><span class="line">-&gt; gender varchar(10),</span><br><span class="line">-&gt; brithday date,</span><br><span class="line">-&gt; entry_date date,</span><br><span class="line">-&gt; job varchar(20),</span><br><span class="line">-&gt; salary double,</span><br><span class="line">-&gt; resume blob</span><br><span class="line">-&gt; );</span><br><span class="line">Query OK, 0 rows affected (0.02 sec)</span><br><span class="line"></span><br><span class="line">#显示当前数据库中的所有表</span><br><span class="line">mysql&gt; show tables;			</span><br><span class="line">+-----------------+</span><br><span class="line">| Tables_in_mydb1 |</span><br><span class="line">+-----------------+</span><br><span class="line">| worker          |</span><br><span class="line">+-----------------+</span><br><span class="line">1 row in set (0.00 sec)</span><br><span class="line"></span><br><span class="line">#显示指定表中的所有字段</span><br><span class="line">mysql&gt; desc worker;			</span><br><span class="line">+------------+-------------+------+-----+---------+-------+</span><br><span class="line">| Field      | Type        | Null | Key | Default | Extra |</span><br><span class="line">+------------+-------------+------+-----+---------+-------+</span><br><span class="line">| id         | int(11)     | YES  |     | NULL    |       |</span><br><span class="line">| name       | varchar(20) | YES  |     | NULL    |       |</span><br><span class="line">| gender     | varchar(10) | YES  |     | NULL    |       |</span><br><span class="line">| brithday   | date        | YES  |     | NULL    |       |</span><br><span class="line">| entry_date | date        | YES  |     | NULL    |       |</span><br><span class="line">| job        | varchar(20) | YES  |     | NULL    |       |</span><br><span class="line">| salary     | double      | YES  |     | NULL    |       |</span><br><span class="line">| resume     | blob        | YES  |     | NULL    |       |</span><br><span class="line">+------------+-------------+------+-----+---------+-------+</span><br><span class="line">8 rows in set (0.01 sec)</span><br><span class="line"></span><br><span class="line">#增加字段image</span><br><span class="line">mysql&gt; alter table worker add image blob;</span><br><span class="line">Query OK, 0 rows affected (0.04 sec)</span><br><span class="line">Records: 0  Duplicates: 0  Warnings: 0</span><br><span class="line"></span><br><span class="line">mysql&gt; desc worker;</span><br><span class="line">+------------+-------------+------+-----+---------+-------+</span><br><span class="line">| Field      | Type        | Null | Key | Default | Extra |</span><br><span class="line">+------------+-------------+------+-----+---------+-------+</span><br><span class="line">| id         | int(11)     | YES  |     | NULL    |       |</span><br><span class="line">| name       | varchar(20) | YES  |     | NULL    |       |</span><br><span class="line">| gender     | varchar(10) | YES  |     | NULL    |       |</span><br><span class="line">| brithday   | date        | YES  |     | NULL    |       |</span><br><span class="line">| entry_date | date        | YES  |     | NULL    |       |</span><br><span class="line">| job        | varchar(20) | YES  |     | NULL    |       |</span><br><span class="line">| salary     | double      | YES  |     | NULL    |       |</span><br><span class="line">| resume     | blob        | YES  |     | NULL    |       |</span><br><span class="line">| image      | blob        | YES  |     | NULL    |       |</span><br><span class="line">+------------+-------------+------+-----+---------+-------+</span><br><span class="line">9 rows in set (0.00 sec)</span><br><span class="line"></span><br><span class="line">#修改job的长度为60</span><br><span class="line">mysql&gt; alter table worker modify job varchar(60);</span><br><span class="line">Query OK, 0 rows affected (0.00 sec)</span><br><span class="line">Records: 0  Duplicates: 0  Warnings: 0</span><br><span class="line"></span><br><span class="line">mysql&gt; desc worker;</span><br><span class="line">+------------+-------------+------+-----+---------+-------+</span><br><span class="line">| Field      | Type        | Null | Key | Default | Extra |</span><br><span class="line">+------------+-------------+------+-----+---------+-------+</span><br><span class="line">| id         | int(11)     | YES  |     | NULL    |       |</span><br><span class="line">| name       | varchar(20) | YES  |     | NULL    |       |</span><br><span class="line">| gender     | varchar(10) | YES  |     | NULL    |       |</span><br><span class="line">| brithday   | date        | YES  |     | NULL    |       |</span><br><span class="line">| entry_date | date        | YES  |     | NULL    |       |</span><br><span class="line">| job        | varchar(60) | YES  |     | NULL    |       |</span><br><span class="line">| salary     | double      | YES  |     | NULL    |       |</span><br><span class="line">| resume     | blob        | YES  |     | NULL    |       |</span><br><span class="line">| image      | blob        | YES  |     | NULL    |       |</span><br><span class="line">+------------+-------------+------+-----+---------+-------+</span><br><span class="line">9 rows in set (0.00 sec)</span><br><span class="line"></span><br><span class="line">#删除image字段</span><br><span class="line">mysql&gt; alter table worker drop image;</span><br><span class="line">Query OK, 0 rows affected (0.01 sec)</span><br><span class="line">Records: 0  Duplicates: 0  Warnings: 0</span><br><span class="line"></span><br><span class="line">mysql&gt; desc worker;</span><br><span class="line">+------------+-------------+------+-----+---------+-------+</span><br><span class="line">| Field      | Type        | Null | Key | Default | Extra |</span><br><span class="line">+------------+-------------+------+-----+---------+-------+</span><br><span class="line">| id         | int(11)     | YES  |     | NULL    |       |</span><br><span class="line">| name       | varchar(20) | YES  |     | NULL    |       |</span><br><span class="line">| gender     | varchar(10) | YES  |     | NULL    |       |</span><br><span class="line">| brithday   | date        | YES  |     | NULL    |       |</span><br><span class="line">| entry_date | date        | YES  |     | NULL    |       |</span><br><span class="line">| job        | varchar(60) | YES  |     | NULL    |       |</span><br><span class="line">| salary     | double      | YES  |     | NULL    |       |</span><br><span class="line">| resume     | blob        | YES  |     | NULL    |       |</span><br><span class="line">+------------+-------------+------+-----+---------+-------+</span><br><span class="line">8 rows in set (0.00 sec)</span><br><span class="line"></span><br><span class="line">#对表名重新命名</span><br><span class="line">#方式一</span><br><span class="line">mysql&gt; rename table worker to user;</span><br><span class="line">Query OK, 0 rows affected (0.00 sec)</span><br><span class="line">#方式二</span><br><span class="line">mysql&gt; alter table  worker rename to user;</span><br><span class="line">Query OK, 0 rows affected (0.00 sec)</span><br><span class="line"></span><br><span class="line">#查看表的信息</span><br><span class="line">mysql&gt; desc user;</span><br><span class="line">+------------+-------------+------+-----+---------+-------+</span><br><span class="line">| Field      | Type        | Null | Key | Default | Extra |</span><br><span class="line">+------------+-------------+------+-----+---------+-------+</span><br><span class="line">| id         | int(11)     | YES  |     | NULL    |       |</span><br><span class="line">| name       | varchar(20) | YES  |     | NULL    |       |</span><br><span class="line">| gender     | varchar(10) | YES  |     | NULL    |       |</span><br><span class="line">| brithday   | date        | YES  |     | NULL    |       |</span><br><span class="line">| entry_date | date        | YES  |     | NULL    |       |</span><br><span class="line">| job        | varchar(60) | YES  |     | NULL    |       |</span><br><span class="line">| salary     | double      | YES  |     | NULL    |       |</span><br><span class="line">| resume     | blob        | YES  |     | NULL    |       |</span><br><span class="line">+------------+-------------+------+-----+---------+-------+</span><br><span class="line">8 rows in set (0.00 sec)</span><br><span class="line"></span><br><span class="line"></span><br><span class="line">#查看创建表的详细信息</span><br><span class="line">mysql&gt; show create table user;</span><br><span class="line">| Table | Create Table                                                                                                   </span><br><span class="line">| user  | CREATE TABLE &#96;user&#96; (</span><br><span class="line">&#96;id&#96; int(11) DEFAULT NULL,</span><br><span class="line">&#96;name&#96; varchar(20) DEFAULT NULL,</span><br><span class="line">&#96;gender&#96; varchar(10) DEFAULT NULL,</span><br><span class="line">&#96;brithday&#96; date DEFAULT NULL,</span><br><span class="line">&#96;entry_date&#96; date DEFAULT NULL,</span><br><span class="line">&#96;job&#96; varchar(60) DEFAULT NULL,</span><br><span class="line">&#96;salary&#96; double DEFAULT NULL,</span><br><span class="line">&#96;resume&#96; blob</span><br><span class="line">) ENGINE&#x3D;InnoDB DEFAULT CHARSET&#x3D;latin1 |</span><br><span class="line"></span><br><span class="line">1 row in set (0.00 sec)</span><br><span class="line"></span><br><span class="line"></span><br><span class="line">#修改表的字符集为gbk</span><br><span class="line">mysql&gt; alter table user character set gbk;	</span><br><span class="line">Query OK, 0 rows affected (0.00 sec)</span><br><span class="line">Records: 0  Duplicates: 0  Warnings: 0</span><br><span class="line"></span><br><span class="line">mysql&gt; show create table user;			#查看信息，已经改为gbk</span><br><span class="line"></span><br><span class="line">| Table | Create Table                                       </span><br><span class="line">| user  | CREATE TABLE &#96;user&#96; (</span><br><span class="line">&#96;id&#96; int(11) DEFAULT NULL,</span><br><span class="line">&#96;name&#96; varchar(20) CHARACTER SET latin1 DEFAULT NULL,</span><br><span class="line">&#96;gender&#96; varchar(10) CHARACTER SET latin1 DEFAULT NULL,</span><br><span class="line">&#96;brithday&#96; date DEFAULT NULL,</span><br><span class="line">&#96;entry_date&#96; date DEFAULT NULL,</span><br><span class="line">&#96;job&#96; varchar(60) CHARACTER SET latin1 DEFAULT NULL,</span><br><span class="line">&#96;salary&#96; double DEFAULT NULL,</span><br><span class="line">&#96;resume&#96; blob</span><br><span class="line">) ENGINE&#x3D;InnoDB DEFAULT CHARSET&#x3D;gbk |</span><br><span class="line"></span><br><span class="line">1 row in set (0.00 sec)</span><br><span class="line"></span><br><span class="line">#将列名name修改为username</span><br><span class="line">mysql&gt; alter table user change name username varchar(100);</span><br><span class="line">Query OK, 0 rows affected (0.02 sec)</span><br><span class="line">Records: 0  Duplicates: 0  Warnings: 0</span><br><span class="line"></span><br><span class="line">mysql&gt; desc user;</span><br><span class="line">+------------+--------------+------+-----+---------+-------+</span><br><span class="line">| Field      | Type         | Null | Key | Default | Extra |</span><br><span class="line">+------------+--------------+------+-----+---------+-------+</span><br><span class="line">| id         | int(11)      | YES  |     | NULL    |       |</span><br><span class="line">| username   | varchar(100) | YES  |     | NULL    |       |</span><br><span class="line">| gender     | varchar(10)  | YES  |     | NULL    |       |</span><br><span class="line">| brithday   | date         | YES  |     | NULL    |       |</span><br><span class="line">| entry_date | date         | YES  |     | NULL    |       |</span><br><span class="line">| job        | varchar(60)  | YES  |     | NULL    |       |</span><br><span class="line">| salary     | double       | YES  |     | NULL    |       |</span><br><span class="line">| resume     | blob         | YES  |     | NULL    |       |</span><br><span class="line">+------------+--------------+------+-----+---------+-------+</span><br><span class="line">8 rows in set (0.00 sec)</span><br><span class="line"></span><br></pre></td></tr></table></figure>
</blockquote>
<h5 id="1-3drop删除"><a href="#1-3drop删除" class="headerlink" title="1.3drop删除"></a>1.3drop删除</h5><blockquote>
<p>语法：</p>
<figure class="highlight plain"><table><tr><td class="code"><pre><span class="line"># 删除数据库</span><br><span class="line">DROP DATABASE database_name</span><br></pre></td></tr></table></figure>

<p>演示：</p>
<figure class="highlight plain"><table><tr><td class="code"><pre><span class="line"># 删除表</span><br><span class="line">drop table user;</span><br></pre></td></tr></table></figure>
</blockquote>
<h4 id="2-DML"><a href="#2-DML" class="headerlink" title="2.DML"></a>2.DML</h4><h5 id="2-1insert插入"><a href="#2-1insert插入" class="headerlink" title="2.1insert插入"></a>2.1insert插入</h5><blockquote>
<p>语法：</p>
<figure class="highlight plain"><table><tr><td class="code"><pre><span class="line">#单行插入</span><br><span class="line">INSERT INTO table_name (field1, field2,...fieldN) VALUES(value1, value2,...valueN);</span><br><span class="line">                    </span><br><span class="line">#多行插入[批量插入]</span><br><span class="line">INSERT INTO table_name (field1, field2,...fieldN)</span><br><span class="line">                    VALUES</span><br><span class="line">                    (value1, value2,...valueN),</span><br><span class="line">                    (value12, value22,...valueNN)...;</span><br><span class="line">                    </span><br><span class="line">注意：</span><br><span class="line">	a.列名和列值的类型、个数以及顺序一一对应</span><br><span class="line">	b.可以把列名当做Python中的形参，把列值当做实参</span><br><span class="line">	c.值不能超出列定义的长度</span><br><span class="line">	d.如果插入的是空值，写Null&#x2F;null</span><br><span class="line">	e.插入的是日期，和字符串一样，使用引号括起来  &quot;1988-11-22 10:11:12&quot;</span><br></pre></td></tr></table></figure>

</blockquote>
<blockquote>
<p>演示：</p>
<figure class="highlight plain"><table><tr><td class="code"><pre><span class="line">mysql&gt; use mydb1;</span><br><span class="line">Database changed</span><br><span class="line">mysql&gt; show tables;</span><br><span class="line">Empty set (0.00 sec)</span><br><span class="line"></span><br><span class="line">mysql&gt; create table worker(</span><br><span class="line"> -&gt; id int(11),</span><br><span class="line"> -&gt; name varchar(20),</span><br><span class="line"> -&gt; gender varchar(10),</span><br><span class="line"> -&gt; salary double</span><br><span class="line"> -&gt; );</span><br><span class="line">Query OK, 0 rows affected (0.01 sec)</span><br><span class="line"></span><br><span class="line">mysql&gt; show tables;                                                             +-----------------+</span><br><span class="line">| Tables_in_mydb1 |</span><br><span class="line">+-----------------+</span><br><span class="line">| worker          |</span><br><span class="line">+-----------------+</span><br><span class="line">1 row in set (0.00 sec)</span><br><span class="line"></span><br><span class="line">mysql&gt; desc worker;</span><br><span class="line">+--------+-------------+------+-----+---------+-------+</span><br><span class="line">| Field  | Type        | Null | Key | Default | Extra |</span><br><span class="line">+--------+-------------+------+-----+---------+-------+</span><br><span class="line">| id     | int(11)     | YES  |     | NULL    |       |</span><br><span class="line">| name   | varchar(20) | YES  |     | NULL    |       |</span><br><span class="line">| gender | varchar(10) | YES  |     | NULL    |       |</span><br><span class="line">| salary | double      | YES  |     | NULL    |       |</span><br><span class="line">+--------+-------------+------+-----+---------+-------+</span><br><span class="line">4 rows in set (0.00 sec)</span><br><span class="line"></span><br><span class="line">#插入单条数据</span><br><span class="line">mysql&gt; insert into worker(id,name,gender,salary) values(1,&#39;tom&#39;,&#39;b&#39;,4000);</span><br><span class="line">Query OK, 1 row affected (0.02 sec)</span><br><span class="line"></span><br><span class="line">mysql&gt; insert into worker(id,name,gender,salary) values(2,&#39;jack&#39;,&#39;b&#39;,6000);</span><br><span class="line">Query OK, 1 row affected (0.01 sec)</span><br><span class="line"></span><br><span class="line">#如果给每个字段都赋值，就可以省略掉字段的书写</span><br><span class="line">mysql&gt; insert into worker values(3,&#39;rose&#39;,&#39;g&#39;,6000);</span><br><span class="line">Query OK, 1 row affected (0.01 sec)</span><br><span class="line"></span><br><span class="line">mysql&gt; desc worker;</span><br><span class="line">+--------+-------------+------+-----+---------+-------+</span><br><span class="line">| Field  | Type        | Null | Key | Default | Extra |</span><br><span class="line">+--------+-------------+------+-----+---------+-------+</span><br><span class="line">| id     | int(11)     | YES  |     | NULL    |       |</span><br><span class="line">| name   | varchar(20) | YES  |     | NULL    |       |</span><br><span class="line">| gender | varchar(10) | YES  |     | NULL    |       |</span><br><span class="line">| salary | double      | YES  |     | NULL    |       |</span><br><span class="line">+--------+-------------+------+-----+---------+-------+</span><br><span class="line">4 rows in set (0.00 sec)</span><br><span class="line"></span><br><span class="line">mysql&gt; select * from worker;</span><br><span class="line">+------+------+--------+--------+</span><br><span class="line">| id   | name | gender | salary |</span><br><span class="line">+------+------+--------+--------+</span><br><span class="line">|    1 | tom  | b      |   4000 |</span><br><span class="line">|    2 | jack | b      |   6000 |</span><br><span class="line">|    3 | rose | g      |   6000 |</span><br><span class="line">+------+------+--------+--------+</span><br><span class="line">3 rows in set (0.00 sec)</span><br><span class="line"></span><br><span class="line">#一次性插入多条数据【批量插入】</span><br><span class="line">mysql&gt; insert into worker(id,name,gender,salary) values(4,&#39;bob&#39;,&#39;b&#39;,1500),(5,&#39;hello&#39;,&#39;g&#39;,5500),(6,&#39;abc&#39;,&#39;b&#39;,6600);</span><br><span class="line">Query OK, 3 rows affected (0.01 sec)</span><br><span class="line">Records: 3  Duplicates: 0  Warnings: 0</span><br><span class="line"></span><br><span class="line">mysql&gt; select * from worker;                                                   </span><br><span class="line">+------+-------+--------+--------+</span><br><span class="line">| id   | name  | gender | salary |</span><br><span class="line">+------+-------+--------+--------+</span><br><span class="line">|    1 | tom   | b      |   4000 |</span><br><span class="line">|    2 | jack  | b      |   6000 |</span><br><span class="line">|    3 | rose  | g      |   6000 |</span><br><span class="line">|    4 | bob   | b      |   1500 |</span><br><span class="line">|    5 | hello | g      |   5500 |</span><br><span class="line">|    6 | abc   | b      |   6600 |</span><br><span class="line">+------+-------+--------+--------+</span><br><span class="line">6 rows in set (0.00 sec)</span><br></pre></td></tr></table></figure>
</blockquote>
<h5 id="2-2update更新"><a href="#2-2update更新" class="headerlink" title="2.2update更新"></a>2.2update更新</h5><blockquote>
<p>语法：</p>
<figure class="highlight plain"><table><tr><td class="code"><pre><span class="line">UPDATE table_name SET field1&#x3D;new-value1, field2&#x3D;new-value2  [WHERE Clause]</span><br><span class="line"></span><br><span class="line">注意：</span><br><span class="line">	a.完全可以更新一个字段或者多个字段</span><br><span class="line">	b.where相当于Python中的if语句</span><br><span class="line">	c.可以指定任何条件到where子句中</span><br><span class="line">	d.如果没有where子句，则默认所有的行都被同时更新为指定的操作[慎用！一般要结合where使用]</span><br><span class="line"></span><br></pre></td></tr></table></figure>

<p>演示：</p>
<figure class="highlight plain"><table><tr><td class="code"><pre><span class="line">#1.将所有员工的薪水修改为5000</span><br><span class="line">mysql&gt; update worker set salary&#x3D;5000;</span><br><span class="line">Query OK, 6 rows affected (0.01 sec)</span><br><span class="line">Rows matched: 6  Changed: 6  Warnings: 0</span><br><span class="line"></span><br><span class="line">mysql&gt; select * from worker;</span><br><span class="line">+------+-------+--------+--------+</span><br><span class="line">| id   | name  | gender | salary |</span><br><span class="line">+------+-------+--------+--------+</span><br><span class="line">|    1 | tom   | b      |   5000 |</span><br><span class="line">|    2 | jack  | b      |   5000 |</span><br><span class="line">|    3 | rose  | g      |   5000 |</span><br><span class="line">|    4 | bob   | b      |   5000 |</span><br><span class="line">|    5 | hello | g      |   5000 |</span><br><span class="line">|    6 | abc   | b      |   5000 |</span><br><span class="line">+------+-------+--------+--------+</span><br><span class="line">6 rows in set (0.00 sec)</span><br><span class="line"></span><br><span class="line">#2.将tom的薪水改为3000元</span><br><span class="line">mysql&gt; update worker set salary&#x3D;3000 where name&#x3D;&#39;tom&#39;;</span><br><span class="line">Query OK, 1 row affected (0.01 sec)</span><br><span class="line">Rows matched: 1  Changed: 1  Warnings: 0</span><br><span class="line"></span><br><span class="line">mysql&gt; select * from worker;</span><br><span class="line">+------+-------+--------+--------+</span><br><span class="line">| id   | name  | gender | salary |</span><br><span class="line">+------+-------+--------+--------+</span><br><span class="line">|    1 | tom   | b      |   3000 |</span><br><span class="line">|    2 | jack  | b      |   5000 |</span><br><span class="line">|    3 | rose  | g      |   5000 |</span><br><span class="line">|    4 | bob   | b      |   5000 |</span><br><span class="line">|    5 | hello | g      |   5000 |</span><br><span class="line">|    6 | abc   | b      |   5000 |</span><br><span class="line">+------+-------+--------+--------+</span><br><span class="line">6 rows in set (0.00 sec)</span><br><span class="line"></span><br><span class="line">#3.将jack的薪水改为10000，并将性别改为g</span><br><span class="line">mysql&gt; update worker set salary&#x3D;10000,gender&#x3D;&#39;g&#39; where name&#x3D;&#39;jack&#39;;</span><br><span class="line">Query OK, 1 row affected (0.01 sec)</span><br><span class="line">Rows matched: 1  Changed: 1  Warnings: 0</span><br><span class="line"></span><br><span class="line">mysql&gt; select * from worker;</span><br><span class="line">+------+-------+--------+--------+</span><br><span class="line">| id   | name  | gender | salary |</span><br><span class="line">+------+-------+--------+--------+</span><br><span class="line">|    1 | tom   | b      |   3000 |</span><br><span class="line">|    2 | jack  | g      |  10000 |</span><br><span class="line">|    3 | rose  | g      |   5000 |</span><br><span class="line">|    4 | bob   | b      |   5000 |</span><br><span class="line">|    5 | hello | g      |   5000 |</span><br><span class="line">|    6 | abc   | b      |   5000 |</span><br><span class="line">+------+-------+--------+--------+</span><br><span class="line">6 rows in set (0.00 sec)</span><br><span class="line"></span><br><span class="line">#4.将rose的薪水在原来的基础上增加1000</span><br><span class="line">mysql&gt; update worker set salary&#x3D;salary+1000 where name&#x3D;&#39;rose&#39;;</span><br><span class="line">Query OK, 1 row affected (0.01 sec)</span><br><span class="line">Rows matched: 1  Changed: 1  Warnings: 0</span><br><span class="line"></span><br><span class="line">mysql&gt; select * from worker;</span><br><span class="line">+------+-------+--------+--------+</span><br><span class="line">| id   | name  | gender | salary |</span><br><span class="line">+------+-------+--------+--------+</span><br><span class="line">|    1 | tom   | b      |   3000 |</span><br><span class="line">|    2 | jack  | g      |  10000 |</span><br><span class="line">|    3 | rose  | g      |   6000 |</span><br><span class="line">|    4 | bob   | b      |   5000 |</span><br><span class="line">|    5 | hello | g      |   5000 |</span><br><span class="line">|    6 | abc   | b      |   5000 |</span><br><span class="line">+------+-------+--------+--------+</span><br><span class="line">6 rows in set (0.01 sec)</span><br><span class="line"></span><br><span class="line">#5.将abc的薪水改为6000</span><br><span class="line">update worker set salary&#x3D;6000 where name&#x3D;&#39;abc&#39;;</span><br><span class="line">#6.将bob的性别改为b</span><br><span class="line">update worker set gender&#x3D;&#39;b&#39; where name&#x3D;&#39;bob&#39;;</span><br></pre></td></tr></table></figure>
</blockquote>
<h5 id="1-gt-where子句"><a href="#1-gt-where子句" class="headerlink" title="1&gt;where子句"></a>1&gt;where子句</h5><blockquote>
<p>语法：</p>
<p>注意：where子句其实就是一个操作符，类似于Python中的if语句，可以做数据的筛选</p>
<table>
<thead>
<tr>
<th>操作符</th>
<th>说明</th>
</tr>
</thead>
<tbody><tr>
<td>=</td>
<td>相等</td>
</tr>
<tr>
<td>&lt;&gt; / !=</td>
<td>不相等</td>
</tr>
<tr>
<td>&lt;</td>
<td>小于</td>
</tr>
<tr>
<td>&lt;=</td>
<td>小于等于</td>
</tr>
<tr>
<td>&gt;</td>
<td>大于</td>
</tr>
<tr>
<td>&gt;=</td>
<td>大于等于</td>
</tr>
<tr>
<td>IN(A，B)</td>
<td>A 和 B 之间</td>
</tr>
<tr>
<td>between A  and B</td>
<td>位于两值之间</td>
</tr>
<tr>
<td>AND</td>
<td>连接多个表达式 并且的关系</td>
</tr>
</tbody></table>
</blockquote>
<h5 id="2-3delete删除"><a href="#2-3delete删除" class="headerlink" title="2.3delete删除"></a>2.3delete删除</h5><blockquote>
<p>语法：</p>
<figure class="highlight plain"><table><tr><td class="code"><pre><span class="line">DELETE FROM table_name [WHERE Clause] </span><br><span class="line"></span><br><span class="line">注意：</span><br><span class="line">	a.如果where子句没有指定，则默认将表中的数据全部删除【慎用！】</span><br><span class="line">	b.可以指定任何条件在where子句中</span><br></pre></td></tr></table></figure>

</blockquote>
<blockquote>
<p>演示：</p>
<figure class="highlight plain"><table><tr><td class="code"><pre><span class="line">#1.删除表中tom的全部数据</span><br><span class="line">mysql&gt; delete from worker where name&#x3D;&#39;tom&#39;;</span><br><span class="line">Query OK, 1 row affected (0.01 sec)</span><br><span class="line"></span><br><span class="line">mysql&gt; select * from worker;</span><br><span class="line">+------+-------+--------+--------+</span><br><span class="line">| id   | name  | gender | salary |</span><br><span class="line">+------+-------+--------+--------+</span><br><span class="line">|    2 | jack  | g      |  10000 |</span><br><span class="line">|    3 | rose  | g      |   6000 |</span><br><span class="line">|    4 | bob   | b      |   5000 |</span><br><span class="line">|    5 | hello | g      |   5000 |</span><br><span class="line">|    6 | abc   | b      |   5000 |</span><br><span class="line">+------+-------+--------+--------+</span><br><span class="line">5 rows in set (0.00 sec)</span><br><span class="line"></span><br><span class="line">#2.删除表中的所有数据</span><br><span class="line">mysql&gt; delete from worker;</span><br><span class="line">Query OK, 5 rows affected (0.01 sec)</span><br><span class="line"></span><br><span class="line">mysql&gt; select * from worker;</span><br><span class="line">Empty set (0.00 sec)</span><br><span class="line"></span><br><span class="line"># 删除表中的数据的方法有delete,truncate, 其中TRUNCATE TABLE用于删除表中的所有行，而不记录单个行删除操作。TRUNCATE TABLE 与没有 WHERE 子句的 DELETE 语句类似；但是，TRUNCATE TABLE 速度更快，使用的系统资源和事务日志资源更少</span><br><span class="line"># Truncate是一个能够快速清空资料表内所有资料的SQL语法。并且能针对具有自动递增值的字段，做计数重置归零重新计算的作用。</span><br><span class="line">mysql&gt; truncate table worker;</span><br><span class="line">Query OK, 0 rows affected (0.02 sec)</span><br><span class="line"></span><br><span class="line">#3.删除表</span><br><span class="line">mysql&gt; drop table worker;</span><br><span class="line">Query OK, 0 rows affected (0.01 sec)</span><br><span class="line"></span><br><span class="line">mysql&gt; show tables;</span><br><span class="line">Empty set (0.00 sec)</span><br><span class="line"></span><br><span class="line">注意：</span><br><span class="line">delete:删除表中的指定数据，表结构还在，删除之后的数据可以找回，对自动增加的字段无影响</span><br><span class="line">truncate：清空表中的数据，删除的数据是不能找回的，执行速度比delete快，自动增加的字段会重新计数</span><br><span class="line">drop: 删除表，数据和表结构都删除</span><br></pre></td></tr></table></figure>
</blockquote>
<h4 id="3-DQL"><a href="#3-DQL" class="headerlink" title="3.DQL"></a>3.DQL</h4><blockquote>
<p>数据库执行DQL语言不会对数据库中的数据发生任何改变，而是让数据库发送查询结果到客户端</p>
<p>查询返回的结果其实是一张虚拟表</p>
<p>语法：</p>
<figure class="highlight plain"><table><tr><td class="code"><pre><span class="line">SELECT 列名 FROM 表名【WHERE --&gt; GROUP BY --&gt;HAVING--&gt; ORDER BY】</span><br></pre></td></tr></table></figure>
</blockquote>
<h5 id="3-1基础查询"><a href="#3-1基础查询" class="headerlink" title="3.1基础查询"></a>3.1基础查询</h5><blockquote>
<p>演示：</p>
<figure class="highlight plain"><table><tr><td class="code"><pre><span class="line">#1.查询所有列</span><br><span class="line">mysql&gt; select * from student;</span><br><span class="line">+------+----------+------+--------+</span><br><span class="line">| id   | name     | age  | gender |</span><br><span class="line">+------+----------+------+--------+</span><br><span class="line">| 1    | aaaa     |   19 | female |</span><br><span class="line">| 2    | bbbbbbbb |   20 | male   |</span><br><span class="line">| 3    | cc       |   15 | male   |</span><br><span class="line">| 4    | ddd      |   16 | female |</span><br><span class="line">| 5    | eee      |   20 | female |</span><br><span class="line">+------+----------+------+--------+</span><br><span class="line">5 rows in set (0.00 sec)</span><br><span class="line"></span><br><span class="line"></span><br><span class="line">#2.查询指定列</span><br><span class="line">mysql&gt; select id,name,gender from student;</span><br><span class="line">+------+----------+--------+</span><br><span class="line">| id   | name     | gender |</span><br><span class="line">+------+----------+--------+</span><br><span class="line">| 1    | aaaa     | female |</span><br><span class="line">| 2    | bbbbbbbb | male   |</span><br><span class="line">| 3    | cc       | male   |</span><br><span class="line">| 4    | ddd      | female |</span><br><span class="line">| 5    | eee      | female |</span><br><span class="line">+------+----------+--------+</span><br><span class="line">5 rows in set (0.00 sec)</span><br></pre></td></tr></table></figure>
</blockquote>
<h5 id="3-2条件查询"><a href="#3-2条件查询" class="headerlink" title="3.2条件查询"></a>3.2条件查询</h5><blockquote>
<p>主要结合where的使用</p>
<p>between…and: 介于..和..之间</p>
<p>and：逻辑与</p>
<p>or：逻辑或</p>
<p>in / not in：类似于Python中的成员运算符</p>
<p>is / is not: 类似于Python中的身份运算符 , 常用语判断null值， 如：name is null</p>
<p>演示：</p>
<figure class="highlight plain"><table><tr><td class="code"><pre><span class="line">#1.查询性别为女，并且年龄为20的记录</span><br><span class="line">mysql&gt; select * from student where gender&#x3D;&#39;female&#39; and age&#x3D;20;</span><br><span class="line">+------+------+------+--------+</span><br><span class="line">| id   | name | age  | gender |</span><br><span class="line">+------+------+------+--------+</span><br><span class="line">| 5    | eee  |   20 | female |</span><br><span class="line">+------+------+------+--------+</span><br><span class="line">1 row in set (0.00 sec)</span><br><span class="line"></span><br><span class="line">#2.查询编号为1或者姓名为ddd的记录</span><br><span class="line">mysql&gt; select * from student where id&#x3D;&#39;1&#39; or name&#x3D;&#39;ddd&#39;;</span><br><span class="line">+------+------+------+--------+</span><br><span class="line">| id   | name | age  | gender |</span><br><span class="line">+------+------+------+--------+</span><br><span class="line">| 1    | aaaa |   19 | female |</span><br><span class="line">| 4    | ddd  |   16 | female |</span><br><span class="line">+------+------+------+--------+</span><br><span class="line">2 rows in set (0.00 sec)</span><br><span class="line"></span><br><span class="line">#3.查询编号分别为1,2,3的记录</span><br><span class="line">mysql&gt; select * from student where id&#x3D;&#39;1&#39; or id&#x3D;&#39;2&#39; or id&#x3D;&#39;3&#39;;</span><br><span class="line">+------+----------+------+--------+</span><br><span class="line">| id   | name     | age  | gender |</span><br><span class="line">+------+----------+------+--------+</span><br><span class="line">| 1    | aaaa     |   19 | female |</span><br><span class="line">| 2    | bbbbbbbb |   20 | male   |</span><br><span class="line">| 3    | cc       |   15 | male   |</span><br><span class="line">+------+----------+------+--------+</span><br><span class="line">3 rows in set (0.00 sec)</span><br><span class="line">#简写形式</span><br><span class="line">mysql&gt; select * from student where id in(&#39;1&#39;,&#39;2&#39;,&#39;3&#39;);</span><br><span class="line">+------+----------+------+--------+</span><br><span class="line">| id   | name     | age  | gender |</span><br><span class="line">+------+----------+------+--------+</span><br><span class="line">| 1    | aaaa     |   19 | female |</span><br><span class="line">| 2    | bbbbbbbb |   20 | male   |</span><br><span class="line">| 3    | cc       |   15 | male   |</span><br><span class="line">+------+----------+------+--------+</span><br><span class="line">3 rows in set (0.00 sec)</span><br><span class="line"></span><br><span class="line">#4.查询编号不为1,2,3的记录</span><br><span class="line">mysql&gt; select * from student where id not in(&#39;1&#39;,&#39;2&#39;,&#39;3&#39;);</span><br><span class="line">+------+------+------+--------+</span><br><span class="line">| id   | name | age  | gender |</span><br><span class="line">+------+------+------+--------+</span><br><span class="line">| 4    | ddd  |   16 | female |</span><br><span class="line">| 5    | eee  |   20 | female |</span><br><span class="line">+------+------+------+--------+</span><br><span class="line">2 rows in set (0.00 sec)</span><br><span class="line"></span><br><span class="line"></span><br><span class="line">#5.查询年龄为null的记录</span><br><span class="line">mysql&gt; select * from student where age is null;</span><br><span class="line">Empty set (0.00 sec)</span><br><span class="line"></span><br><span class="line">#6.查询年龄在15~20之间的记录</span><br><span class="line">mysql&gt; select * from student where age&gt;&#x3D;15 and age&lt;&#x3D;20;</span><br><span class="line">+------+----------+------+--------+</span><br><span class="line">| id   | name     | age  | gender |</span><br><span class="line">+------+----------+------+--------+</span><br><span class="line">| 1    | aaaa     |   19 | female |</span><br><span class="line">| 2    | bbbbbbbb |   20 | male   |</span><br><span class="line">| 3    | cc       |   15 | male   |</span><br><span class="line">| 4    | ddd      |   16 | female |</span><br><span class="line">| 5    | eee      |   20 | female |</span><br><span class="line">+------+----------+------+--------+</span><br><span class="line">5 rows in set (0.00 sec)</span><br><span class="line">#简写形式</span><br><span class="line">mysql&gt; select * from student where age between 15 and 20;</span><br><span class="line">+------+----------+------+--------+</span><br><span class="line">| id   | name     | age  | gender |</span><br><span class="line">+------+----------+------+--------+</span><br><span class="line">| 1    | aaaa     |   19 | female |</span><br><span class="line">| 2    | bbbbbbbb |   20 | male   |</span><br><span class="line">| 3    | cc       |   15 | male   |</span><br><span class="line">| 4    | ddd      |   16 | female |</span><br><span class="line">| 5    | eee      |   20 | female |</span><br><span class="line">+------+----------+------+--------+</span><br><span class="line">5 rows in set (0.00 sec)</span><br><span class="line"></span><br><span class="line">#7.查询性别非男的记录</span><br><span class="line">#方式一</span><br><span class="line">mysql&gt; select * from student where gender&#x3D;&#39;female&#39;;</span><br><span class="line">+------+------+------+--------+</span><br><span class="line">| id   | name | age  | gender |</span><br><span class="line">+------+------+------+--------+</span><br><span class="line">| 1    | aaaa |   19 | female |</span><br><span class="line">| 4    | ddd  |   16 | female |</span><br><span class="line">| 5    | eee  |   20 | female |</span><br><span class="line">+------+------+------+--------+</span><br><span class="line">3 rows in set (0.00 sec)</span><br><span class="line">#方式二</span><br><span class="line">mysql&gt; select * from student where gender!&#x3D;&#39;male&#39;;</span><br><span class="line">+------+------+------+--------+</span><br><span class="line">| id   | name | age  | gender |</span><br><span class="line">+------+------+------+--------+</span><br><span class="line">| 1    | aaaa |   19 | female |</span><br><span class="line">| 4    | ddd  |   16 | female |</span><br><span class="line">| 5    | eee  |   20 | female |</span><br><span class="line">+------+------+------+--------+</span><br><span class="line">3 rows in set (0.00 sec)</span><br><span class="line">#方式三</span><br><span class="line">mysql&gt; select * from student where gender&lt;&gt;&#39;male&#39;;</span><br><span class="line">+------+------+------+--------+</span><br><span class="line">| id   | name | age  | gender |</span><br><span class="line">+------+------+------+--------+</span><br><span class="line">| 1    | aaaa |   19 | female |</span><br><span class="line">| 4    | ddd  |   16 | female |</span><br><span class="line">| 5    | eee  |   20 | female |</span><br><span class="line">+------+------+------+--------+</span><br><span class="line">3 rows in set (0.00 sec)</span><br></pre></td></tr></table></figure>
</blockquote>
<h5 id="3-3模糊查询"><a href="#3-3模糊查询" class="headerlink" title="3.3模糊查询"></a>3.3模糊查询</h5><blockquote>
<p>where 子句中=表示精准查询</p>
<p>like：一般情况下结合where子句使用</p>
<p>通配符：</p>
<pre><code>_: 匹配一个任意字符

%：匹配0~n个任意字符【n大于等于1】</code></pre><p>演示：</p>
<figure class="highlight plain"><table><tr><td class="code"><pre><span class="line">#1.查询姓名由4个字符组成的记录</span><br><span class="line">mysql&gt; select * from student where name like &#39;____&#39;;</span><br><span class="line">+------+------+------+--------+</span><br><span class="line">| id   | name | age  | gender |</span><br><span class="line">+------+------+------+--------+</span><br><span class="line">| 1    | aaaa |   19 | female |</span><br><span class="line">+------+------+------+--------+</span><br><span class="line">1 row in set (0.00 sec)</span><br><span class="line"></span><br><span class="line">#2.查询姓名由3个字符组成的记录，并且最后一个字母为c的记录</span><br><span class="line">mysql&gt; select * from student where name like &#39;__c&#39;;</span><br><span class="line">Empty set (0.00 sec)</span><br><span class="line"></span><br><span class="line">#3.查询以a开头的记录</span><br><span class="line">mysql&gt; select * from student where name like &#39;a%&#39;;</span><br><span class="line">+------+------+------+--------+</span><br><span class="line">| id   | name | age  | gender |</span><br><span class="line">+------+------+------+--------+</span><br><span class="line">| 1    | aaaa |   19 | female |</span><br><span class="line">+------+------+------+--------+</span><br><span class="line">1 row in set (0.01 sec)</span><br><span class="line"></span><br><span class="line">#4.查询姓名中包含b的记录</span><br><span class="line">mysql&gt; select * from student where name like &#39;%b%&#39;;</span><br><span class="line">+------+----------+------+--------+</span><br><span class="line">| id   | name     | age  | gender |</span><br><span class="line">+------+----------+------+--------+</span><br><span class="line">| 2    | bbbbbbbb |   20 | male   |</span><br><span class="line">+------+----------+------+--------+</span><br><span class="line">1 row in set (0.00 sec)</span><br><span class="line"></span><br><span class="line">#5.查询姓名中第2个字母为c的记录</span><br><span class="line">mysql&gt; select * from student where name like &#39;_c%&#39;;</span><br><span class="line">+------+------+------+--------+</span><br><span class="line">| id   | name | age  | gender |</span><br><span class="line">+------+------+------+--------+</span><br><span class="line">| 3    | cc   |   15 | male   |</span><br><span class="line">+------+------+------+--------+</span><br><span class="line">1 row in set (0.00 sec)</span><br></pre></td></tr></table></figure>
</blockquote>
<h5 id="3-4字段控制查询"><a href="#3-4字段控制查询" class="headerlink" title="3.4字段控制查询"></a>3.4字段控制查询</h5><blockquote>
<p>as: 起别名，用法 ：select 字段 as 别名</p>
<p>distinct: 去除重复记录</p>
<p>演示；</p>
<figure class="highlight plain"><table><tr><td class="code"><pre><span class="line">#1.去除重复记录</span><br><span class="line">mysql&gt; select id from student;</span><br><span class="line">+------+</span><br><span class="line">| id   |</span><br><span class="line">+------+</span><br><span class="line">| 1    |</span><br><span class="line">| 2    |</span><br><span class="line">| 3    |</span><br><span class="line">| 4    |</span><br><span class="line">| 5    |</span><br><span class="line">| 1    |</span><br><span class="line">+------+</span><br><span class="line">6 rows in set (0.00 sec)</span><br><span class="line"></span><br><span class="line">mysql&gt; select distinct id from student;</span><br><span class="line">+------+</span><br><span class="line">| id   |</span><br><span class="line">+------+</span><br><span class="line">| 1    |</span><br><span class="line">| 2    |</span><br><span class="line">| 3    |</span><br><span class="line">| 4    |</span><br><span class="line">| 5    |</span><br><span class="line">+------+</span><br><span class="line">5 rows in set (0.01 sec)</span><br><span class="line"></span><br><span class="line">#2.给列名起别名</span><br><span class="line">mysql&gt; select name,gender  from student;</span><br><span class="line">+----------+--------+</span><br><span class="line">| name     | gender |</span><br><span class="line">+----------+--------+</span><br><span class="line">| aaaa     | female |</span><br><span class="line">| bbbbbbbb | male   |</span><br><span class="line">| cc       | male   |</span><br><span class="line">| ddd      | female |</span><br><span class="line">| eee      | female |</span><br><span class="line">| ffff     | male   |</span><br><span class="line">+----------+--------+</span><br><span class="line">6 rows in set (0.00 sec)</span><br><span class="line"></span><br><span class="line"></span><br><span class="line">mysql&gt; select name as 姓名,gender as 性别  from student;</span><br><span class="line">+----------+--------+</span><br><span class="line">| 姓名     | 性别   |</span><br><span class="line">+----------+--------+</span><br><span class="line">| aaaa     | female |</span><br><span class="line">| bbbbbbbb | male   |</span><br><span class="line">| cc       | male   |</span><br><span class="line">| ddd      | female |</span><br><span class="line">| eee      | female |</span><br><span class="line">| ffff     | male   |</span><br><span class="line">+----------+--------+</span><br><span class="line">6 rows in set (0.00 sec)</span><br><span class="line"></span><br><span class="line">mysql&gt; select name  姓名1,gender  性别1  from student;</span><br><span class="line">+----------+---------+</span><br><span class="line">| 姓名1    | 性别1   |</span><br><span class="line">+----------+---------+</span><br><span class="line">| aaaa     | female  |</span><br><span class="line">| bbbbbbbb | male    |</span><br><span class="line">| cc       | male    |</span><br><span class="line">| ddd      | female  |</span><br><span class="line">| eee      | female  |</span><br><span class="line">| ffff     | male    |</span><br><span class="line">+----------+---------+</span><br><span class="line">6 rows in set (0.00 sec)</span><br></pre></td></tr></table></figure>
</blockquote>
<h5 id="3-5排序"><a href="#3-5排序" class="headerlink" title="3.5排序"></a>3.5排序</h5><blockquote>
<p>order by:指定数据返回的顺序</p>
<pre><code>asc：ascending,升序

desc:  descending，降序</code></pre><p>用法：select from  表 order by  xxx</p>
<p>演示：</p>
<figure class="highlight plain"><table><tr><td class="code"><pre><span class="line">#1.查询所有的记录，按照年龄升序排序</span><br><span class="line">mysql&gt; select * from student order by age asc;</span><br><span class="line">+------+----------+------+--------+</span><br><span class="line">| id   | name     | age  | gender |</span><br><span class="line">+------+----------+------+--------+</span><br><span class="line">| 3    | cc       |   15 | male   |</span><br><span class="line">| 4    | ddd      |   16 | female |</span><br><span class="line">| 1    | aaaa     |   19 | female |</span><br><span class="line">| 2    | bbbbbbbb |   20 | male   |</span><br><span class="line">| 5    | eee      |   20 | female |</span><br><span class="line">| 1    | ffff     |   30 | male   |</span><br><span class="line">+------+----------+------+--------+</span><br><span class="line">6 rows in set (0.00 sec)</span><br><span class="line"></span><br><span class="line">#2.查询所有学生记录，按照年龄降序排序，如果年龄相等，则按照编号进行升序排序 </span><br><span class="line">mysql&gt; select * from student order by age desc,id asc; </span><br><span class="line">+------+----------+------+--------+ </span><br><span class="line">| id   | name     | age  | gender | </span><br><span class="line">+------+----------+------+--------+ </span><br><span class="line">| 1    | ffff     |   30 | male   | </span><br><span class="line">| 2    | bbbbbbbb |   20 | male   | </span><br><span class="line">| 5    | eee      |   20 | female | </span><br><span class="line">| 1    | aaaa     |   19 | female | </span><br><span class="line">| 4    | ddd      |   16 | female | </span><br><span class="line">| 3    | cc       |   15 | male   | </span><br><span class="line">+------+----------+------+--------+ </span><br><span class="line">6 rows in set (0.00 sec) </span><br></pre></td></tr></table></figure>
</blockquote>
<p>3.5 聚合函数 </p>
<blockquote>
<p>聚合函数主要用来做纵向运算 </p>
<p>1》count():统计指定列不为null的记录行数</p>
<figure class="highlight plain"><table><tr><td class="code"><pre><span class="line">#1.查询年龄大于20的人数</span><br><span class="line">mysql&gt; select count(*)  from student where age&gt;20;</span><br><span class="line">+----------+</span><br><span class="line">| count(*) |</span><br><span class="line">+----------+</span><br><span class="line">|        1 |</span><br><span class="line">+----------+</span><br><span class="line">1 row in set (0.00 sec)</span><br><span class="line"></span><br></pre></td></tr></table></figure>

<p>2&gt;sum():计算指定列的数值和</p>
<figure class="highlight plain"><table><tr><td class="code"><pre><span class="line">#1.查询所有学生的年龄和</span><br><span class="line">mysql&gt; select sum(age) from student;</span><br><span class="line">+----------+</span><br><span class="line">| sum(age) |</span><br><span class="line">+----------+</span><br><span class="line">|      120 |</span><br><span class="line">+----------+</span><br><span class="line">1 row in set (0.01 sec)</span><br><span class="line"></span><br><span class="line">#2.查询所有学生的年龄和，以及所有学生的编号和</span><br><span class="line">mysql&gt; select sum(age),sum(id) from student;</span><br><span class="line">+----------+---------+</span><br><span class="line">| sum(age) | sum(id) |</span><br><span class="line">+----------+---------+</span><br><span class="line">|      120 |      16 |</span><br><span class="line">+----------+---------+</span><br><span class="line">1 row in set (0.00 sec)</span><br></pre></td></tr></table></figure>

<p>3&gt;求指定列中的最大值和最小值</p>
<p>max():</p>
<p>min():</p>
<figure class="highlight plain"><table><tr><td class="code"><pre><span class="line">#求最大年龄和最小年龄</span><br><span class="line">mysql&gt; select max(age),min(age) from student;</span><br><span class="line">+----------+----------+</span><br><span class="line">| max(age) | min(age) |</span><br><span class="line">+----------+----------+</span><br><span class="line">|       30 |       15 |</span><br><span class="line">+----------+----------+</span><br><span class="line">1 row in set (0.00 sec)</span><br></pre></td></tr></table></figure>

<p>4&gt;avg()</p>
<p>average:平均数，</p>
<figure class="highlight plain"><table><tr><td class="code"><pre><span class="line">#查询所有学生的平均年龄</span><br><span class="line">mysql&gt; select avg(age) from student;</span><br><span class="line">+----------+</span><br><span class="line">| avg(age) |</span><br><span class="line">+----------+</span><br><span class="line">|  20.0000 |</span><br><span class="line">+----------+</span><br><span class="line">1 row in set (0.00 sec)</span><br></pre></td></tr></table></figure>

<p>总结：</p>
<p>查询关键字的书写顺序：select 聚合函数  from where order by</p>
</blockquote>
<h5 id="3-6分组查询"><a href="#3-6分组查询" class="headerlink" title="3.6分组查询"></a>3.6分组查询</h5><blockquote>
<p>group by：分组查询</p>
<p>having：有…,表示条件，类似于where的用法</p>
<p>演示：</p>
<figure class="highlight plain"><table><tr><td class="code"><pre><span class="line">#在当前数据库下创建新的表</span><br><span class="line">mysql&gt; create table emp(			</span><br><span class="line"> -&gt; empno int primary key,</span><br><span class="line"> -&gt; enname varchar(20),</span><br><span class="line"> -&gt; job varchar(20),</span><br><span class="line"> -&gt; mgr int,</span><br><span class="line"> -&gt; hiredate date,</span><br><span class="line"> -&gt; sal double,</span><br><span class="line"> -&gt; comm double,</span><br><span class="line"> -&gt; deptno int</span><br><span class="line"> -&gt; );</span><br><span class="line"></span><br><span class="line">#1.查询各个部门的人数</span><br><span class="line">mysql&gt; select count(*) from emp group by deptno;</span><br><span class="line">+----------+</span><br><span class="line">| count(*) |</span><br><span class="line">+----------+</span><br><span class="line">|        2 |</span><br><span class="line">|        2 |</span><br><span class="line">|        4 |</span><br><span class="line">+----------+</span><br><span class="line">3 rows in set (0.00 sec)</span><br><span class="line"></span><br><span class="line">#2.查询每个部门的部门编号和每个部门的工资和</span><br><span class="line">mysql&gt; select deptno,sum(sal) from emp group by deptno;</span><br><span class="line">+--------+----------+</span><br><span class="line">| deptno | sum(sal) |</span><br><span class="line">+--------+----------+</span><br><span class="line">|     10 |  7450.00 |</span><br><span class="line">|     20 |  3800.00 |</span><br><span class="line">|     30 |  8675.00 |</span><br><span class="line">+--------+----------+</span><br><span class="line">3 rows in set (0.00 sec)</span><br><span class="line"></span><br><span class="line"></span><br><span class="line">#3.查询每个部门的部门编号和每个部门的人数</span><br><span class="line">mysql&gt; select deptno,count(*) from emp group by deptno;</span><br><span class="line">+--------+----------+</span><br><span class="line">| deptno | count(*) |</span><br><span class="line">+--------+----------+</span><br><span class="line">|     10 |        2 |</span><br><span class="line">|     20 |        2 |</span><br><span class="line">|     30 |        4 |</span><br><span class="line">+--------+----------+</span><br><span class="line">3 rows in set (0.00 sec)</span><br><span class="line"></span><br><span class="line"></span><br><span class="line">#4.查询每个部门的部门编号和每个部门工资大于1500的人数</span><br><span class="line">mysql&gt; select deptno,count(*) from emp where sal&gt;1500 group by deptno;</span><br><span class="line">+--------+----------+</span><br><span class="line">| deptno | count(*) |</span><br><span class="line">+--------+----------+</span><br><span class="line">|     10 |        2 |</span><br><span class="line">|     20 |        1 |</span><br><span class="line">|     30 |        3 |</span><br><span class="line">+--------+----------+</span><br><span class="line">3 rows in set (0.01 sec)</span><br><span class="line"></span><br><span class="line"></span><br><span class="line">#5.查询工资总和大于7000的部门编号以及工资和</span><br><span class="line">mysql&gt; select deptno,sum(sal) from emp group by deptno having sum(sal)&gt;7000;</span><br><span class="line">+--------+----------+</span><br><span class="line">| deptno | sum(sal) |</span><br><span class="line">+--------+----------+</span><br><span class="line">|     10 |  7450.00 |</span><br><span class="line">|     30 |  8675.00 |</span><br><span class="line">+--------+----------+</span><br><span class="line">2 rows in set (0.00 sec)</span><br></pre></td></tr></table></figure>

<p>总结：</p>
<pre><code>having和where的区别

a.二者都表示对数据执行条件

b.having是在分组之后对数据进行过滤

    where是在分组之前对数据进行过滤

c.having后面可以使用聚合函数

     where后面不可以使用聚合函数</code></pre><p>演示：</p>
<figure class="highlight plain"><table><tr><td class="code"><pre><span class="line">#查询工资大于1500，工资总和大于6000的部门编号和工资和</span><br><span class="line">mysql&gt; select deptno,sum(sal) from emp where sal&gt;1500 group by deptno having sum(sal)&gt;6000;</span><br><span class="line">+--------+----------+</span><br><span class="line">| deptno | sum(sal) |</span><br><span class="line">+--------+----------+</span><br><span class="line">|     10 |  7450.00 |</span><br><span class="line">|     30 |  7425.00 |</span><br><span class="line">+--------+----------+</span><br><span class="line">2 rows in set (0.00 sec)</span><br></pre></td></tr></table></figure>
</blockquote>
<h5 id="3-7-分页查询"><a href="#3-7-分页查询" class="headerlink" title="3.7 分页查询"></a>3.7 分页查询</h5><blockquote>
<p>limit：用来限定查询的起始行，以及总行数</p>
<p>演示：</p>
<figure class="highlight plain"><table><tr><td class="code"><pre><span class="line">#1.查询4行记录，起始行从0开始</span><br><span class="line">mysql&gt; select * from emp limit 0,4;</span><br><span class="line">+-------+--------+----------+------+------------+---------+---------+--------+</span><br><span class="line">| empno | enname | job      | mgr  | hiredate   | sal     | comm    | deptno |</span><br><span class="line">+-------+--------+----------+------+------------+---------+---------+--------+</span><br><span class="line">|  7369 | smith  | clark    | 7902 | 1980-12-17 |  800.00 |    NULL |     20 |</span><br><span class="line">|  7499 | allen  | salesman | 7698 | 1981-02-20 | 1600.00 |  300.00 |     30 |</span><br><span class="line">|  7566 | jones  | managen  | 7839 | 1981-04-02 | 2975.00 |    NULL |     30 |</span><br><span class="line">|  7654 | martin | salesman | 7698 | 1981-09-28 | 1250.00 | 1400.00 |     30 |</span><br><span class="line">+-------+--------+----------+------+------------+---------+---------+--------+</span><br><span class="line">4 rows in set (0.00 sec)</span><br><span class="line"></span><br><span class="line">mysql&gt; select * from emp limit 2,3;</span><br><span class="line">+-------+--------+----------+------+------------+---------+---------+--------+</span><br><span class="line">| empno | enname | job      | mgr  | hiredate   | sal     | comm    | deptno |</span><br><span class="line">+-------+--------+----------+------+------------+---------+---------+--------+</span><br><span class="line">|  7566 | jones  | managen  | 7839 | 1981-04-02 | 2975.00 |    NULL |     30 |</span><br><span class="line">|  7654 | martin | salesman | 7698 | 1981-09-28 | 1250.00 | 1400.00 |     30 |</span><br><span class="line">|  7698 | blake  | manager  | 7839 | 1981-05-01 | 2850.00 |    NULL |     30 |</span><br><span class="line">+-------+--------+----------+------+------------+---------+---------+--------+</span><br><span class="line">3 rows in set (0.01 sec)</span><br></pre></td></tr></table></figure>

<p>总结：</p>
<p><code>mysql&gt; select deptno,sum(sal) from emp where sal&gt;1500  group by deptno having sum(sal)&gt;5000 order by sum(sal) asc limit 4;</code></p>
<pre><code>查询语句书写顺序：select----》from---》where---》group by-----》having-----》order by-----&gt;limit

查询语句执行顺序：from----》where-----》group by----》having----》order by ----》select-----》limit</code></pre></blockquote>
]]></content>
      <categories>
        <category>数据库</category>
      </categories>
  </entry>
</search>
